{"benchmarks" : [{"name" : "GAP","stats" : {"data" : [1.5224679999999999,1.51007,1.5173129999999999,1.4734749999999999,1.5108459999999999,1.5120629999999999,1.4815289999999999,1.5298039999999999,1.5226409999999999,1.478021],"mean" : 1.5058230000000001,"stddev" : 0.019387515292063607}}]}