{"benchmarks" : [{"name" : "GAP","stats" : {"data" : [1.1959769999999998,1.167319,1.1404049999999999,1.171845,1.1433359999999999,1.1725129999999999,1.173394,1.145545,1.176553,1.14334],"mean" : 1.1630227,"stddev" : 0.017762265964960649}}]}