{"benchmarks" : [{"name" : "GAP","stats" : {"data" : [0.98332799999999998,0.96751299999999996,0.92943399999999998,0.96457999999999999,0.93135299999999999,0.989707,0.927346,0.96474599999999999,0.93002399999999996,0.96954499999999999],"mean" : 0.95575759999999987,"stddev" : 0.022710240470765607}}]}