{"benchmarks" : [{"name" : "GAP","stats" : {"data" : [1.6641109999999999,1.7008259999999999,1.626477,1.6696819999999999,1.666982,1.6279899999999998,1.669438,1.6284109999999998,1.669028,1.671808],"mean" : 1.6594753000000004,"stddev" : 0.022977608635582628}}]}