{"benchmarks" : [{"name" : "GAP","stats" : {"data" : [1.142188,1.1126149999999999,1.0922229999999999,1.117429,1.1066780000000001,1.11968,1.121205,1.094878,1.1225699999999998,1.0941380000000001],"mean" : 1.1123604,"stddev" : 0.014923053958221806}}]}