{"benchmarks" : [{"name" : "GAP","stats" : {"data" : [41.177099999999996,41.718775000000001,41.931815999999998,42.217946999999995,42.312027999999998,42.349412999999998,42.240564999999997,42.236813999999995,41.975505999999996,41.861387999999998],"mean" : 42.002135199999998,"stddev" : 0.34081854736114336}}]}