{"benchmarks" : [{"name" : "GAP","stats" : {"data" : [2.1739820000000001,2.1119249999999998,2.1142089999999998,2.109054,2.1161309999999998,2.113505,2.1196259999999998,2.1224400000000001,2.1175760000000001,2.1155330000000001],"mean" : 2.1213981000000004,"stddev" : 0.017894533346527977}}]}