{"benchmarks" : [{"name" : "GAP","stats" : {"data" : [123.4298,126.09604899999999,126.35990799999999,126.992008,126.168871,125.48501499999999,125.451622,125.464095,125.75460299999999,125.41399999999999],"mean" : 125.66159709999999,"stddev" : 0.88706578764085364}}]}